{
  "lots": [
    {
      "name": "Jarvis B",
      "type": "2",
      "boundary_lat": [
        43.0042665,
        43.0042704,
        43.0034791,
        43.003479,
        43.0034337,
        43.00343,
        43.0042665
      ],
      "boundary_long": [
        -78.7875804,
        -78.7863573,
        -78.7863527,
        -78.7863877,
        -78.7863874,
        -78.7875754,
        -78.7875804
      ],
      "capacity": 0,
      "available_spots": 0,
      "available_times": [
        "0:00"
      ]
    },
    {
      "name": "Jarvis A",
      "type": "2",
      "boundary_lat": [
        43.0034259,
        43.00426,
        43.0042645,
        43.0034305,
        43.0034259
      ],
      "boundary_long": [
        -78.7891219,
        -78.7891273,
        -78.787804,
        -78.7877986,
        -78.7891219
      ],
      "capacity": 0,
      "available_spots": 0,
      "available_times": [
        "0:00"
      ]
    },
    {
      "name": "Governors C",
      "type": "2",
      "boundary_lat": [
        43.0042563,
        43.0042508,
        43.0034528,
        43.0034529,
        43.0034148,
        43.0034202,
        43.0042563
      ],
      "boundary_long": [
        -78.7901604,
        -78.7912155,
        -78.7912077,
        -78.791186,
        -78.7911856,
        -78.7901522,
        -78.7901604
      ],
      "capacity": 0,
      "available_spots": 0,
      "available_times": [
        "0:00"
      ]
    },
    {
      "name": "Governors D",
      "type": "2",
      "boundary_lat": [
        43.00425,
        43.0034635,
        43.0034624,
        43.003415,
        43.0034101,
        43.0042468,
        43.00425
      ],
      "boundary_long": [
        -78.791394,
        -78.7913858,
        -78.7915942,
        -78.7915937,
        -78.7924574,
        -78.7924661,
        -78.791394
      ],
      "capacity": 0,
      "available_spots": 0,
      "available_times": [
        "0:00"
      ]
    },
    {
      "name": "Governors E",
      "type": "0",
      "boundary_lat": [
        43.0034523,
        43.0041998,
        43.0041998,
        43.0042006,
        43.0042046,
        43.0042101,
        43.0042158,
        43.0042227,
        43.0042303,
        43.0042444,
        43.0042399,
        43.0034285,
        43.0034303,
        43.003435,
        43.0034391,
        43.0034425,
        43.0034448,
        43.003446,
        43.003446,
        43.0034448,
        43.0034425,
        43.0034391,
        43.003435,
        43.0034303,
        43.003399,
        43.003407,
        43.0034171,
        43.0034268,
        43.0034357,
        43.0034431,
        43.0034487,
        43.0034513,
        43.0034522,
        43.0034523
      ],
      "boundary_long": [
        -78.7936284,
        -78.7936355,
        -78.7936659,
        -78.7936796,
        -78.793692,
        -78.7937022,
        -78.7937081,
        -78.7937125,
        -78.7937139,
        -78.793714,
        -78.7947607,
        -78.7947541,
        -78.7946189,
        -78.7946163,
        -78.7946124,
        -78.7946071,
        -78.7946009,
        -78.7945942,
        -78.7945872,
        -78.7945805,
        -78.7945743,
        -78.7945691,
        -78.7945651,
        -78.7945626,
        -78.7945618,
        -78.7937088,
        -78.793708,
        -78.7937041,
        -78.7936973,
        -78.7936878,
        -78.7936763,
        -78.7936693,
        -78.7936623,
        -78.7936284
      ],
      "capacity": 0,
      "available_spots": 0,
      "available_times": [
        "0:00"
      ]
    },
    {
      "name": "Stadium",
      "type": "0",
      "boundary_lat": [
        42.9979764,
        42.9979767,
        42.9979618,
        42.9979625,
        42.9979645,
        42.9979646,
        42.9979665,
        42.9979666,
        42.9979688,
        42.997969,
        42.9979694,
        42.9976218,
        42.997614,
        42.9979764
      ],
      "boundary_long": [
        -78.7805312,
        -78.7804611,
        -78.7804609,
        -78.780263,
        -78.7797327,
        -78.7796918,
        -78.7791911,
        -78.7791559,
        -78.7785762,
        -78.7785357,
        -78.7784291,
        -78.7784267,
        -78.7805287,
        -78.7805312
      ],
      "capacity": 0,
      "available_spots": 0,
      "available_times": [
        "0:00"
      ]
    },
    {
      "name": "Arena",
      "type": "0",
      "boundary_lat": [
        43.0013814,
        43.0008787,
        43.00085,
        43.0003935,
        43.0003821,
        43.0003714,
        43.0003616,
        43.0002287,
        43.0002065,
        43.0002098,
        43.0002093,
        43.0013424,
        43.001342,
        43.0013387,
        43.0013366,
        43.0013346,
        43.0013341,
        43.0013346,
        43.0013363,
        43.0013391,
        43.0013423,
        43.0013829,
        43.0013814
      ],
      "boundary_long": [
        -78.7798228,
        -78.7798191,
        -78.7798188,
        -78.7798074,
        -78.7798117,
        -78.7798186,
        -78.7798279,
        -78.7798174,
        -78.7798174,
        -78.7790892,
        -78.7790302,
        -78.7790379,
        -78.7791321,
        -78.7791339,
        -78.7791362,
        -78.7791415,
        -78.7791455,
        -78.7791501,
        -78.7791536,
        -78.7791565,
        -78.7791576,
        -78.7791578,
        -78.7798228
      ],
      "capacity": 0,
      "available_spots": 0,
      "available_times": [
        "0:00"
      ]
    },
    {
      "name": "Alumni B",
      "type": "2",
      "boundary_lat": [
        43.0020218,
        43.0020219,
        43.0020222,
        43.0020228,
        43.0020223,
        43.0020307,
        43.0020329,
        43.0020345,
        43.0019288,
        43.001723,
        43.0017151,
        43.0017073,
        43.0017019,
        43.0016999,
        43.0017117,
        43.0017194,
        43.0017265,
        43.0017327,
        43.0017378,
        43.0017418,
        43.0017444,
        43.0017457,
        43.0017455,
        43.0017452,
        43.0017454,
        43.001744,
        43.0017413,
        43.0017373,
        43.0017321,
        43.0017258,
        43.0017187,
        43.001711,
        43.0016992,
        43.0016981,
        43.0017099,
        43.0017176,
        43.0017247,
        43.0017309,
        43.001736,
        43.00174,
        43.0017426,
        43.0017439,
        43.0017437,
        43.001743,
        43.0020218
      ],
      "boundary_long": [
        -78.7794015,
        -78.7793506,
        -78.7792599,
        -78.778885,
        -78.7788421,
        -78.7778179,
        -78.7777086,
        -78.7776298,
        -78.7776129,
        -78.7775724,
        -78.7776442,
        -78.7777562,
        -78.7778829,
        -78.7779895,
        -78.7779925,
        -78.7779967,
        -78.7780026,
        -78.7780101,
        -78.778019,
        -78.778029,
        -78.7780397,
        -78.7780509,
        -78.7780623,
        -78.7782756,
        -78.7782869,
        -78.7782981,
        -78.7783088,
        -78.7783187,
        -78.7783275,
        -78.778335,
        -78.7783408,
        -78.7783449,
        -78.7783477,
        -78.7792235,
        -78.7792265,
        -78.7792307,
        -78.7792366,
        -78.7792441,
        -78.779253,
        -78.779263,
        -78.7792737,
        -78.7792849,
        -78.7792963,
        -78.7794039,
        -78.7794015
      ],
      "capacity": 0,
      "available_spots": 0,
      "available_times": [
        "0:00"
      ]
    },
    {
      "name": "Alumni C",
      "type": "2",
      "boundary_lat": [
        43.0020218,
        43.001743,
        43.0017423,
        43.0017424,
        43.0017411,
        43.0017384,
        43.0017343,
        43.0017291,
        43.0017229,
        43.0017158,
        43.0017075,
        43.0016962,
        43.0016933,
        43.0020167,
        43.0020213,
        43.0020216,
        43.0020218
      ],
      "boundary_long": [
        -78.7794015,
        -78.7794039,
        -78.7795087,
        -78.7795201,
        -78.7795313,
        -78.779542,
        -78.7795519,
        -78.7795607,
        -78.7795681,
        -78.779574,
        -78.7795769,
        -78.7795782,
        -78.7801601,
        -78.7801628,
        -78.7795515,
        -78.7794606,
        -78.7794015
      ],
      "capacity": 0,
      "available_spots": 0,
      "available_times": [
        "0:00"
      ]
    },
    {
      "name": "Fronczak B",
      "type": "3",
      "boundary_lat": [
        43.0015925,
        43.0023791,
        43.0023963,
        43.0024129,
        43.002408,
        43.0015898,
        43.0015914,
        43.0015925
      ],
      "boundary_long": [
        -78.790153,
        -78.7901587,
        -78.7901588,
        -78.7901589,
        -78.7911089,
        -78.791101,
        -78.7902949,
        -78.790153
      ],
      "capacity": 0,
      "available_spots": 0,
      "available_times": [
        "0:00"
      ]
    },
    {
      "name": "Governors A",
      "type": "1",
      "boundary_lat": [
        43.0029171,
        43.0024448,
        43.0024129,
        43.0024129,
        43.002408,
        43.0028602,
        43.0028598,
        43.0029124,
        43.0029171
      ],
      "boundary_long": [
        -78.7901614,
        -78.7901574,
        -78.7901571,
        -78.7901589,
        -78.7911089,
        -78.7911132,
        -78.791186,
        -78.7911853,
        -78.7901614
      ],
      "capacity": 0,
      "available_spots": 0,
      "available_times": [
        "0:00"
      ]
    },
    {
      "name": "Fronczak A",
      "type": "3",
      "boundary_lat": [
        43.0015859,
        43.0020604,
        43.0020662,
        43.0024061,
        43.0024103,
        43.0015891,
        43.0015859
      ],
      "boundary_long": [
        -78.7930984,
        -78.7930991,
        -78.7921643,
        -78.7921683,
        -78.7914898,
        -78.7914864,
        -78.7930984
      ],
      "capacity": 0,
      "available_spots": 0,
      "available_times": [
        "0:00"
      ]
    },
    {
      "name": "Governors B",
      "type": "2",
      "boundary_lat": [
        43.0020604,
        43.0020662,
        43.0024061,
        43.0024103,
        43.0028634,
        43.0028621,
        43.0028629,
        43.0028648,
        43.002869,
        43.0028742,
        43.0028808,
        43.0028859,
        43.002908,
        43.0029031,
        43.002903,
        43.002903,
        43.0029028,
        43.0022491,
        43.0020783,
        43.0020604
      ],
      "boundary_long": [
        -78.7930991,
        -78.7921643,
        -78.7921683,
        -78.7914898,
        -78.7914991,
        -78.7915893,
        -78.7916044,
        -78.7916128,
        -78.7916195,
        -78.7916249,
        -78.7916292,
        -78.7916312,
        -78.7916316,
        -78.7930219,
        -78.7930421,
        -78.7930602,
        -78.7930991,
        -78.7930992,
        -78.7930991,
        -78.7930991
      ],
      "capacity": 0,
      "available_spots": 0,
      "available_times": [
        "0:00"
      ]
    },
    {
      "name": "Ketter",
      "type": "2",
      "boundary_lat": [
        43.0020474,
        43.0029203,
        43.0029208,
        43.0029213,
        43.0029214,
        43.0020485,
        43.0020474
      ],
      "boundary_long": [
        -78.789112,
        -78.7891163,
        -78.7889155,
        -78.7886999,
        -78.7886748,
        -78.7886707,
        -78.789112
      ],
      "capacity": 0,
      "available_spots": 0,
      "available_times": [
        "0:00"
      ]
    },
    {
      "name": "Furnas",
      "type": "1",
      "boundary_lat": [
        43.0030205,
        43.0030218,
        43.0030198,
        43.0030156,
        43.0030102,
        43.0030046,
        43.0029975,
        43.0024102,
        43.0018702,
        43.0018653,
        43.0018613,
        43.0018577,
        43.0018537,
        43.0018514,
        43.0018501,
        43.0018514,
        43.0024306,
        43.0024307,
        43.0024318,
        43.0024335,
        43.0024358,
        43.0024387,
        43.0024419,
        43.0024455,
        43.0024493,
        43.0024533,
        43.0025183,
        43.0025221,
        43.0025258,
        43.0025292,
        43.0025323,
        43.0025349,
        43.0025371,
        43.0025386,
        43.0025396,
        43.0025407,
        43.0025425,
        43.0025455,
        43.0025494,
        43.0025543,
        43.0025599,
        43.0025662,
        43.0025729,
        43.0025799,
        43.0030205
      ],
      "boundary_long": [
        -78.7866443,
        -78.7861076,
        -78.7860999,
        -78.7860921,
        -78.7860861,
        -78.7860817,
        -78.7860787,
        -78.7860749,
        -78.7860714,
        -78.7860727,
        -78.786076,
        -78.7860812,
        -78.7860886,
        -78.786095,
        -78.7861034,
        -78.7867013,
        -78.7866989,
        -78.7864506,
        -78.7864453,
        -78.7864404,
        -78.786436,
        -78.7864321,
        -78.786429,
        -78.7864266,
        -78.7864251,
        -78.7864246,
        -78.786425,
        -78.7864258,
        -78.786428,
        -78.7864309,
        -78.7864346,
        -78.7864388,
        -78.7864435,
        -78.7864487,
        -78.7864541,
        -78.7865927,
        -78.7866021,
        -78.7866109,
        -78.786619,
        -78.7866261,
        -78.786632,
        -78.7866366,
        -78.7866397,
        -78.7866413,
        -78.7866443
      ],
      "capacity": 0,
      "available_spots": 0,
      "available_times": [
        "0:00"
      ]
    },
    {
      "name": "Lake LaSalle",
      "type": "0",
      "boundary_lat": [
        43.0016089,
        43.0011122,
        43.0011121,
        43.0011118,
        43.0011113,
        43.0011108,
        43.0011101,
        43.0011097,
        43.0011093,
        43.0014912,
        43.0016061,
        43.0016089
      ],
      "boundary_long": [
        -78.7803406,
        -78.7803387,
        -78.780366,
        -78.7805158,
        -78.7807585,
        -78.7810144,
        -78.7813148,
        -78.7815307,
        -78.7816961,
        -78.7816976,
        -78.781698,
        -78.7803406
      ],
      "capacity": 0,
      "available_spots": 0,
      "available_times": [
        "0:00"
      ]
    },
    {
      "name": "Slee B",
      "type": "2",
      "boundary_lat": [
        42.9997469,
        42.9991286,
        42.9991253,
        42.9991612,
        42.9991637,
        42.9991656,
        42.9991674,
        42.9991689,
        42.9991701,
        42.9991711,
        42.9991716,
        42.9991719,
        42.9991711,
        42.9997405,
        42.9997469
      ],
      "boundary_long": [
        -78.7830086,
        -78.7830035,
        -78.7838311,
        -78.7838313,
        -78.7838327,
        -78.7838341,
        -78.7838359,
        -78.7838381,
        -78.7838406,
        -78.7838433,
        -78.7838462,
        -78.7838492,
        -78.7839594,
        -78.7839665,
        -78.7830086
      ],
      "capacity": 0,
      "available_spots": 0,
      "available_times": [
        "0:00"
      ]
    },
    {
      "name": "Baird B",
      "type": "1",
      "boundary_lat": [
        42.9991228,
        42.9991241,
        42.99916,
        42.9991625,
        42.9991644,
        42.9991662,
        42.9991678,
        42.999169,
        42.9991699,
        42.9991705,
        42.9991708,
        42.9991707,
        42.9991702,
        42.9991694,
        42.9991682,
        42.9991668,
        42.9991651,
        42.9991632,
        42.9991607,
        42.9994648,
        42.9995764,
        42.9996932,
        42.9996937,
        42.9997454,
        42.999742,
        42.9991228
      ],
      "boundary_long": [
        -78.7850796,
        -78.784309,
        -78.7843092,
        -78.7843079,
        -78.7843065,
        -78.7843047,
        -78.7843025,
        -78.7843,
        -78.7842973,
        -78.7842944,
        -78.7842914,
        -78.7842884,
        -78.7842854,
        -78.7842826,
        -78.7842801,
        -78.7842778,
        -78.7842759,
        -78.7842743,
        -78.7842737,
        -78.7842764,
        -78.7842773,
        -78.7842782,
        -78.7841559,
        -78.7841563,
        -78.7850875,
        -78.7850796
      ],
      "capacity": 0,
      "available_spots": 0,
      "available_times": [
        "0:00"
      ]
    },
    {
      "name": "Baird A",
      "type": "2",
      "boundary_lat": [
        42.9988703,
        42.9988747,
        42.9982558,
        42.9982565,
        42.9982555,
        42.9982536,
        42.9982507,
        42.9982469,
        42.9982424,
        42.9982373,
        42.9982316,
        42.9982256,
        42.9982105,
        42.9982071,
        42.9983612,
        42.9988703
      ],
      "boundary_long": [
        -78.7852328,
        -78.7842709,
        -78.7842659,
        -78.7843473,
        -78.7843558,
        -78.7843639,
        -78.7843716,
        -78.7843785,
        -78.7843845,
        -78.7843894,
        -78.7843932,
        -78.7843956,
        -78.7843955,
        -78.7852384,
        -78.7852301,
        -78.7852328
      ],
      "capacity": 0,
      "available_spots": 0,
      "available_times": [
        "0:00"
      ]
    },
    {
      "name": "Slee A",
      "type": "2",
      "boundary_lat": [
        42.9988801,
        42.998841,
        42.9988374,
        42.9988332,
        42.9988304,
        42.99883,
        42.998831,
        42.998833,
        42.9982035,
        42.9982105,
        42.9982191,
        42.9982277,
        42.9982365,
        42.9982447,
        42.9982513,
        42.9982567,
        42.9982604,
        42.9982623,
        42.9982624,
        42.9982608,
        42.998258,
        42.9982555,
        42.9982516,
        42.9982169,
        42.9982116,
        42.9982496,
        42.9982538,
        42.9982562,
        42.998256,
        42.9982535,
        42.9982495,
        42.9982443,
        42.998238,
        42.9982308,
        42.9982228,
        42.9982143,
        42.9982032,
        42.9982033,
        42.9982114,
        42.9982177,
        42.9988761,
        42.9988801
      ],
      "boundary_long": [
        -78.7826603,
        -78.7826602,
        -78.7826591,
        -78.7826551,
        -78.7826478,
        -78.7826415,
        -78.7826354,
        -78.7826296,
        -78.7821878,
        -78.7823054,
        -78.7823077,
        -78.7823117,
        -78.7823179,
        -78.7823256,
        -78.7823337,
        -78.7823449,
        -78.782357,
        -78.7823714,
        -78.7824043,
        -78.782413,
        -78.7824204,
        -78.7824234,
        -78.7824246,
        -78.7824244,
        -78.7837445,
        -78.7837449,
        -78.7837489,
        -78.7837563,
        -78.7838005,
        -78.7838121,
        -78.7838229,
        -78.7838326,
        -78.7838411,
        -78.783848,
        -78.7838531,
        -78.7838563,
        -78.7838568,
        -78.7839526,
        -78.7839536,
        -78.783955,
        -78.7839554,
        -78.7826603
      ],
      "capacity": 0,
      "available_spots": 0,
      "available_times": [
        "0:00"
      ]
    },
    {
      "name": "Jacobs A",
      "type": "1",
      "boundary_lat": [
        42.9981946,
        42.9981921,
        42.9988568,
        42.9988602,
        42.9982413,
        42.9982418,
        42.9982417,
        42.9982403,
        42.9982376,
        42.9982336,
        42.9982286,
        42.9982225,
        42.9982157,
        42.9982073,
        42.9981946
      ],
      "boundary_long": [
        -78.7879357,
        -78.7886969,
        -78.7887003,
        -78.7877142,
        -78.7877149,
        -78.7878685,
        -78.7878796,
        -78.7878905,
        -78.7879009,
        -78.7879106,
        -78.7879192,
        -78.7879266,
        -78.7879324,
        -78.7879355,
        -78.7879357
      ],
      "capacity": 0,
      "available_spots": 0,
      "available_times": [
        "0:00"
      ]
    },
    {
      "name": "Jacobs B",
      "type": "2",
      "boundary_lat": [
        42.9988609,
        42.9988651,
        42.9982482,
        42.9982473,
        42.9982442,
        42.9982415,
        42.9982376,
        42.9982325,
        42.9982264,
        42.9982196,
        42.9982113,
        42.9981985,
        42.9981976,
        42.9982038,
        42.9982103,
        42.9982165,
        42.9988609
      ],
      "boundary_long": [
        -78.7874902,
        -78.7866722,
        -78.7866663,
        -78.7868375,
        -78.7868484,
        -78.7868588,
        -78.7868685,
        -78.7868771,
        -78.7868845,
        -78.7868904,
        -78.7868935,
        -78.7868936,
        -78.7874953,
        -78.7874953,
        -78.7874962,
        -78.7874985,
        -78.7874902
      ],
      "capacity": 0,
      "available_spots": 0,
      "available_times": [
        "0:00"
      ]
    },
    {
      "name": "Jacobs C",
      "type": "2",
      "boundary_lat": [
        42.9988698,
        42.9986687,
        42.9982516,
        42.99825,
        42.9982486,
        42.9982459,
        42.998242,
        42.9982369,
        42.9982309,
        42.998224,
        42.9982157,
        42.9982029,
        42.9982003,
        42.9982068,
        42.9982132,
        42.9982194,
        42.9982253,
        42.9988646,
        42.9988698
      ],
      "boundary_long": [
        -78.7855815,
        -78.7855835,
        -78.7855876,
        -78.7856243,
        -78.7856352,
        -78.7856456,
        -78.7856553,
        -78.7856639,
        -78.7856713,
        -78.7856772,
        -78.7856803,
        -78.7856804,
        -78.7864442,
        -78.7864437,
        -78.7864446,
        -78.7864469,
        -78.7864505,
        -78.7864475,
        -78.7855815
      ],
      "capacity": 0,
      "available_spots": 0,
      "available_times": [
        "0:00"
      ]
    },
    {
      "name": "Hochstetter A",
      "type": "1",
      "boundary_lat": [
        42.9981813,
        42.9981775,
        42.9981886,
        42.9981949,
        42.9982006,
        42.9982059,
        42.9982106,
        42.9982147,
        42.9982179,
        42.9982203,
        42.9982216,
        42.998222,
        42.9982212,
        42.9993501,
        42.9993541,
        42.9992057,
        42.9983285,
        42.9981969,
        42.9981813
      ],
      "boundary_long": [
        -78.791211,
        -78.7919489,
        -78.7919489,
        -78.7919503,
        -78.7919527,
        -78.7919564,
        -78.7919613,
        -78.7919672,
        -78.791974,
        -78.7919815,
        -78.7919894,
        -78.7919975,
        -78.7921681,
        -78.7921769,
        -78.7912205,
        -78.7912202,
        -78.7912129,
        -78.7912108,
        -78.791211
      ],
      "capacity": 0,
      "available_spots": 0,
      "available_times": [
        "0:00"
      ]
    },
    {
      "name": "Hochstetter B",
      "type": "2",
      "boundary_lat": [
        42.9981844,
        42.9981871,
        42.9993609,
        42.9993554,
        42.9992065,
        42.9983302,
        42.9982273,
        42.9982289,
        42.9982287,
        42.998227,
        42.998224,
        42.9982196,
        42.9982141,
        42.9982077,
        42.9982004,
        42.9981926,
        42.9981844
      ],
      "boundary_long": [
        -78.7907609,
        -78.7898192,
        -78.7898255,
        -78.7909996,
        -78.7909988,
        -78.7909916,
        -78.7909908,
        -78.7908295,
        -78.7908182,
        -78.7908072,
        -78.7907967,
        -78.790787,
        -78.7907786,
        -78.7907715,
        -78.7907661,
        -78.7907625,
        -78.7907609
      ],
      "capacity": 0,
      "available_spots": 0,
      "available_times": [
        "0:00"
      ]
    },
    {
      "name": "Cooke A",
      "type": "2",
      "boundary_lat": [
        42.9996687,
        42.9992832,
        42.9992853,
        42.9996707,
        42.9996687
      ],
      "boundary_long": [
        -78.7938312,
        -78.7938298,
        -78.792747,
        -78.7927484,
        -78.7938312
      ],
      "capacity": 0,
      "available_spots": 0,
      "available_times": [
        "0:00"
      ]
    },
    {
      "name": "Cooke B",
      "type": "2",
      "boundary_lat": [
        42.9990488,
        42.9990547,
        42.9983242,
        42.9983217,
        42.9989556,
        42.9989557,
        42.9989561,
        42.9989574,
        42.9989593,
        42.9989625,
        42.9989678,
        42.9989742,
        42.9989786,
        42.9989871,
        42.9989962,
        42.9990054,
        42.9990143,
        42.9990218,
        42.9990283,
        42.9990341,
        42.9990408,
        42.9990448,
        42.9990472,
        42.9990488
      ],
      "boundary_long": [
        -78.7938429,
        -78.7927457,
        -78.7927372,
        -78.7938257,
        -78.7938284,
        -78.7937921,
        -78.7937852,
        -78.7937788,
        -78.7937748,
        -78.7937708,
        -78.7937664,
        -78.7937631,
        -78.7937624,
        -78.7937628,
        -78.7937644,
        -78.7937678,
        -78.793773,
        -78.7937788,
        -78.7937854,
        -78.7937946,
        -78.7938073,
        -78.7938187,
        -78.7938298,
        -78.7938429
      ],
      "capacity": 0,
      "available_spots": 0,
      "available_times": [
        "0:00"
      ]
    },
    {
      "name": "Alumni A",
      "type": "2",
      "boundary_lat": [
        43.0009521,
        43.000243,
        43.000243,
        43.0003376,
        43.0008618,
        43.0009555,
        43.0009521
      ],
      "boundary_long": [
        -78.7803596,
        -78.780336,
        -78.7801938,
        -78.7801541,
        -78.7801583,
        -78.7801601,
        -78.7803596
      ],
      "capacity": 0,
      "available_spots": 0,
      "available_times": [
        "0:00"
      ]
    }
  ],
  "buildings": [
    {
      "name": "Bonner Hall",
      "entrances_lat": [
        "43.0016540",
        "43.0015621"
      ],
      "entrances_lon": [
        "-78.7884233",
        "-78.7878308"
      ],
      "boundary_lat": [
        43.0013833,
        43.0013848,
        43.0013849,
        43.0013849,
        43.0015206,
        43.0015206,
        43.0015472,
        43.0015471,
        43.0016541,
        43.001654,
        43.0016539,
        43.001629,
        43.001629,
        43.0016786,
        43.0016774,
        43.0015621,
        43.0015486,
        43.0015485,
        43.0015182,
        43.0015182,
        43.0013833
      ],
      "boundary_long": [
        -78.7878128,
        -78.7884424,
        -78.7884822,
        -78.788491,
        -78.7884905,
        -78.7885079,
        -78.7885077,
        -78.7884849,
        -78.7884845,
        -78.7884233,
        -78.7883703,
        -78.7883704,
        -78.7883537,
        -78.7883534,
        -78.7878303,
        -78.7878308,
        -78.7878309,
        -78.7877936,
        -78.7877937,
        -78.7878122,
        -78.7878128
      ]
    },
    {
      "name": "Ketter Hall",
      "entrances_lat": [
        "43.0022477",
        "43.0024419"
      ],
      "entrances_lon": [
        "-78.7885033",
        "-78.7879398"
      ],
      "boundary_lat": [
        43.00214,
        43.0021389,
        43.0021842,
        43.002184,
        43.0022477,
        43.002261,
        43.0022611,
        43.0022857,
        43.0022856,
        43.0024734,
        43.0025111,
        43.0025112,
        43.0025465,
        43.0025466,
        43.0026628,
        43.0026627,
        43.0026398,
        43.0026395,
        43.0026646,
        43.0026647,
        43.0027528,
        43.0028934,
        43.0028946,
        43.0028946,
        43.0028947,
        43.0028948,
        43.0027577,
        43.002758,
        43.0024573,
        43.0024572,
        43.0024419,
        43.0024274,
        43.0024274,
        43.0024273,
        43.0024013,
        43.0024014,
        43.0021768,
        43.0021767,
        43.00214
      ],
      "boundary_long": [
        -78.7880035,
        -78.7884628,
        -78.788463,
        -78.788503,
        -78.7885033,
        -78.7885033,
        -78.7884615,
        -78.7884616,
        -78.7884751,
        -78.788476,
        -78.7884762,
        -78.7884641,
        -78.7884643,
        -78.7883915,
        -78.7883921,
        -78.7884603,
        -78.7884602,
        -78.7885769,
        -78.788577,
        -78.7885314,
        -78.7885318,
        -78.7885325,
        -78.7880911,
        -78.7880594,
        -78.7880386,
        -78.7880127,
        -78.788012,
        -78.7878917,
        -78.7878902,
        -78.7879399,
        -78.7879398,
        -78.7879398,
        -78.7879559,
        -78.7880076,
        -78.7880075,
        -78.7879934,
        -78.7879923,
        -78.7880036,
        -78.7880035
      ]
    },
    {
      "name": "Student Union",
      "entrances_lat": [
        "43.0008574",
        "43.0008583",
        "43.0013263",
        "43.0014320"
      ],
      "entrances_lon": [
        "-78.7867677",
        "-78.7862487",
        "-78.7866822",
        "-78.7858925"
      ],
      "boundary_lat": [
        43.0014124,
        43.0013759,
        43.0013262,
        43.0012811,
        43.001238,
        43.0011938,
        43.0011507,
        43.0007113,
        43.0006997,
        43.0006902,
        43.0006833,
        43.0006769,
        43.0006701,
        43.0006661,
        43.0006642,
        43.0006756,
        43.0006757,
        43.0007198,
        43.0007206,
        43.0007505,
        43.0008447,
        43.0008449,
        43.0009329,
        43.0009329,
        43.0009354,
        43.0009405,
        43.0009464,
        43.0009543,
        43.0009658,
        43.000981,
        43.0009932,
        43.0010026,
        43.0010168,
        43.001363,
        43.0013789,
        43.0013968,
        43.001412,
        43.0014246,
        43.0014346,
        43.0014481,
        43.00148,
        43.0015038,
        43.0015123,
        43.0015187,
        43.0015219,
        43.0015266,
        43.001529,
        43.001529,
        43.001527,
        43.0015224,
        43.0015121,
        43.001504,
        43.0014917,
        43.0014689,
        43.001454,
        43.0014434,
        43.0014302,
        43.0014216,
        43.0014172,
        43.0014155,
        43.0014118,
        43.0014124
      ],
      "boundary_long": [
        -78.7853234,
        -78.7853053,
        -78.7852845,
        -78.7852697,
        -78.7852623,
        -78.7852596,
        -78.785259,
        -78.785259,
        -78.7852583,
        -78.7852556,
        -78.7852529,
        -78.7852483,
        -78.7852412,
        -78.7852328,
        -78.7852177,
        -78.7837244,
        -78.7836225,
        -78.7836231,
        -78.7835216,
        -78.783522,
        -78.7835618,
        -78.7838002,
        -78.7838,
        -78.7837395,
        -78.7837157,
        -78.7836973,
        -78.7836822,
        -78.7836704,
        -78.7836577,
        -78.7836466,
        -78.7836406,
        -78.7836376,
        -78.7836359,
        -78.7836403,
        -78.7836403,
        -78.7836369,
        -78.7836312,
        -78.7836242,
        -78.7836165,
        -78.7836027,
        -78.7835725,
        -78.7835487,
        -78.7835507,
        -78.7835541,
        -78.7835598,
        -78.7835689,
        -78.7835826,
        -78.7835977,
        -78.7836128,
        -78.7836423,
        -78.7836775,
        -78.7837016,
        -78.7837284,
        -78.7837881,
        -78.7838317,
        -78.7838716,
        -78.7839299,
        -78.7839819,
        -78.7840228,
        -78.7840677,
        -78.7845754,
        -78.7853234
      ]
    },
    {
      "name": "Bissell Hall",
      "entrances_lat": [
        "42.9985876"
      ],
      "entrances_lon": [
        "-78.7808018"
      ],
      "boundary_lat": [
        42.9986002,
        42.9987261,
        42.9987327,
        42.9986868,
        42.9984039,
        42.9983825,
        42.9984298,
        42.9984616,
        42.9985178,
        42.9985319,
        42.9985621,
        42.9985876,
        42.998602,
        42.9986002
      ],
      "boundary_long": [
        -78.7808972,
        -78.7809016,
        -78.7805415,
        -78.7805399,
        -78.7805302,
        -78.7806832,
        -78.7808057,
        -78.7807812,
        -78.7808318,
        -78.7807946,
        -78.7807985,
        -78.7808018,
        -78.7808036,
        -78.7808972
      ]
    },
    {
      "name": "Flint Village",
      "entrances_lat": [
        0.0
      ],
      "entrances_lon": [
        0.0
      ],
      "boundary_lat": [
        42.9976894,
        42.9976075,
        42.9976077,
        42.9975904,
        42.9975904,
        42.99761,
        42.9976101,
        42.9976897,
        42.9976896,
        42.9976896,
        42.9976894
      ],
      "boundary_long": [
        -78.7873833,
        -78.7873831,
        -78.7872677,
        -78.7872677,
        -78.7872092,
        -78.7872092,
        -78.787095,
        -78.7870951,
        -78.7872284,
        -78.7872472,
        -78.7873833
      ]
    },
    {
      "name": "Morris Sports Performance Center",
      "entrances_lat": [
        0.0
      ],
      "entrances_lon": [
        0.0
      ],
      "boundary_lat": [
        42.9996719,
        42.9996719,
        42.9999619,
        42.9999619,
        42.9999619,
        42.9999619,
        42.9997275,
        42.9996956,
        42.9996719
      ],
      "boundary_long": [
        -78.7788956,
        -78.7791302,
        -78.7791302,
        -78.7789638,
        -78.7789055,
        -78.7788957,
        -78.7788955,
        -78.7788956,
        -78.7788956
      ]
    },
    {
      "name": "Roosevelt Hall",
      "entrances_lat": [
        0.0
      ],
      "entrances_lon": [
        0.0
      ],
      "boundary_lat": [
        43.0026597,
        43.0025747,
        43.0025748,
        43.0025617,
        43.0025617,
        43.0023751,
        43.0023751,
        43.0023584,
        43.0023583,
        43.0022667,
        43.0022668,
        43.0022532,
        43.0022532,
        43.002189,
        43.0021891,
        43.0022778,
        43.0022779,
        43.0022939,
        43.002294,
        43.0023268,
        43.0023268,
        43.002384,
        43.0023839,
        43.0024001,
        43.0024,
        43.0025388,
        43.0025388,
        43.0025548,
        43.002555,
        43.0025388,
        43.0025388,
        43.0025027,
        43.0024601,
        43.0024601,
        43.0024671,
        43.0024671,
        43.002511,
        43.0025594,
        43.0025595,
        43.0025755,
        43.0025756,
        43.0025756,
        43.0026092,
        43.0026092,
        43.0026631,
        43.002663,
        43.0026791,
        43.0026791,
        43.0027548,
        43.0027548,
        43.0027548,
        43.0027547,
        43.0027485,
        43.0027485,
        43.0026577,
        43.0026577,
        43.002641,
        43.0026408,
        43.0026562,
        43.0026562,
        43.0027459,
        43.0027459,
        43.0027515,
        43.0027515,
        43.0026762,
        43.0026761,
        43.0026598,
        43.0026597
      ],
      "boundary_long": [
        -78.7946942,
        -78.7946941,
        -78.7945998,
        -78.7945998,
        -78.7945813,
        -78.794581,
        -78.7946016,
        -78.7946016,
        -78.794693,
        -78.7946928,
        -78.7945638,
        -78.7945638,
        -78.7945427,
        -78.7945426,
        -78.7944246,
        -78.7944247,
        -78.7944033,
        -78.7944033,
        -78.7943018,
        -78.7943018,
        -78.7943085,
        -78.7943086,
        -78.7944368,
        -78.7944368,
        -78.7944575,
        -78.7944577,
        -78.7944362,
        -78.7944362,
        -78.7941845,
        -78.7941845,
        -78.79417,
        -78.7941699,
        -78.7941698,
        -78.7941208,
        -78.7941208,
        -78.794048,
        -78.7940481,
        -78.7940482,
        -78.7940271,
        -78.7940271,
        -78.7939809,
        -78.7939228,
        -78.7939228,
        -78.7939323,
        -78.7939324,
        -78.7940548,
        -78.7940549,
        -78.7940755,
        -78.7940756,
        -78.7940878,
        -78.7941165,
        -78.7941259,
        -78.7941258,
        -78.794199,
        -78.7941988,
        -78.7942213,
        -78.7942213,
        -78.7944046,
        -78.7944046,
        -78.7944248,
        -78.794425,
        -78.7945027,
        -78.7945027,
        -78.7945503,
        -78.7945501,
        -78.7945679,
        -78.7945678,
        -78.7946942
      ]
    },
    {
      "name": "Lehman Hall",
      "entrances_lat": [
        0.0
      ],
      "entrances_lon": [
        0.0
      ],
      "boundary_lat": [
        43.002099,
        43.002013,
        43.0020131,
        43.0020001,
        43.0020001,
        43.0018135,
        43.0018135,
        43.0017967,
        43.0017966,
        43.0017118,
        43.0017119,
        43.001698,
        43.001698,
        43.0016238,
        43.0016239,
        43.001628,
        43.0016281,
        43.0017222,
        43.0017222,
        43.0017375,
        43.0017377,
        43.0017222,
        43.0017222,
        43.001629,
        43.0016291,
        43.0016248,
        43.0016249,
        43.0016999,
        43.0016999,
        43.0017148,
        43.0017148,
        43.0017149,
        43.0017689,
        43.0017689,
        43.0018053,
        43.0018052,
        43.0018192,
        43.0018192,
        43.001913,
        43.0019129,
        43.0019186,
        43.0019186,
        43.0018575,
        43.0018423,
        43.0018423,
        43.0018224,
        43.0018222,
        43.0018344,
        43.0018344,
        43.0019748,
        43.0019748,
        43.0019908,
        43.0019909,
        43.0020489,
        43.002049,
        43.0020854,
        43.0020853,
        43.0021015,
        43.0021014,
        43.0021891,
        43.002189,
        43.0021126,
        43.0021126,
        43.0020991,
        43.002099
      ],
      "boundary_long": [
        -78.7946931,
        -78.7946929,
        -78.7945958,
        -78.7945958,
        -78.7945773,
        -78.794577,
        -78.7945976,
        -78.7945976,
        -78.794693,
        -78.7946929,
        -78.7945683,
        -78.7945682,
        -78.7945456,
        -78.7945455,
        -78.7944961,
        -78.7944961,
        -78.7944234,
        -78.7944236,
        -78.7944035,
        -78.7944035,
        -78.7942181,
        -78.7942181,
        -78.7941958,
        -78.7941957,
        -78.7941198,
        -78.7941198,
        -78.7940717,
        -78.7940718,
        -78.7940524,
        -78.7940524,
        -78.7939896,
        -78.7939241,
        -78.7939242,
        -78.7939165,
        -78.7939165,
        -78.7940177,
        -78.7940178,
        -78.7940384,
        -78.7940386,
        -78.7941131,
        -78.7941131,
        -78.7941649,
        -78.7941648,
        -78.7941647,
        -78.7941868,
        -78.7941868,
        -78.7944264,
        -78.7944264,
        -78.7944527,
        -78.7944529,
        -78.7944351,
        -78.7944352,
        -78.7943078,
        -78.7943079,
        -78.7942992,
        -78.7942993,
        -78.7944026,
        -78.7944026,
        -78.7944244,
        -78.7944246,
        -78.7945426,
        -78.7945424,
        -78.7945603,
        -78.7945603,
        -78.7946931
      ]
    },
    {
      "name": "Clinton Hall",
      "entrances_lat": [
        0.0
      ],
      "entrances_lon": [
        0.0
      ],
      "boundary_lat": [
        43.002013,
        43.002013,
        43.0019975,
        43.0019975,
        43.0018122,
        43.0018122,
        43.0017965,
        43.0017966,
        43.0017118,
        43.0017117,
        43.0016945,
        43.0016945,
        43.00162,
        43.0016199,
        43.0016242,
        43.0016241,
        43.0017188,
        43.0017188,
        43.0017335,
        43.0017333,
        43.0017173,
        43.0017173,
        43.0016239,
        43.0016239,
        43.001619,
        43.0016189,
        43.0016554,
        43.0016945,
        43.0016945,
        43.0017107,
        43.0017106,
        43.0017106,
        43.001766,
        43.001766,
        43.0018008,
        43.0018009,
        43.0018162,
        43.0018162,
        43.00191,
        43.0019101,
        43.0019156,
        43.0019157,
        43.0018393,
        43.0018394,
        43.0018207,
        43.0018207,
        43.0018209,
        43.0018344,
        43.0018344,
        43.0019723,
        43.0019723,
        43.0019885,
        43.0019884,
        43.0020465,
        43.0020465,
        43.0020828,
        43.0020829,
        43.002099,
        43.002099,
        43.0021893,
        43.0021894,
        43.0021138,
        43.0021139,
        43.0020989,
        43.002099,
        43.002013
      ],
      "boundary_long": [
        -78.7946929,
        -78.7947881,
        -78.7947881,
        -78.7948067,
        -78.7948064,
        -78.7947873,
        -78.7947873,
        -78.794693,
        -78.7946929,
        -78.7948157,
        -78.7948157,
        -78.7948375,
        -78.7948374,
        -78.7948869,
        -78.7948869,
        -78.7949621,
        -78.7949622,
        -78.7949838,
        -78.7949839,
        -78.7951665,
        -78.7951665,
        -78.7951859,
        -78.7951857,
        -78.7952585,
        -78.7952585,
        -78.7953082,
        -78.7953082,
        -78.7953083,
        -78.7953302,
        -78.7953302,
        -78.7954078,
        -78.7954571,
        -78.7954572,
        -78.7954648,
        -78.7954648,
        -78.7953618,
        -78.7953618,
        -78.7953397,
        -78.7953399,
        -78.7952661,
        -78.7952661,
        -78.7952145,
        -78.7952144,
        -78.7951925,
        -78.7951924,
        -78.7951382,
        -78.7949575,
        -78.7949575,
        -78.7949354,
        -78.7949356,
        -78.7949575,
        -78.7949575,
        -78.7950838,
        -78.7950839,
        -78.7950924,
        -78.7950925,
        -78.79499,
        -78.7949901,
        -78.7949679,
        -78.794968,
        -78.7948385,
        -78.7948384,
        -78.7948155,
        -78.7948155,
        -78.7946931,
        -78.7946929
      ]
    },
    {
      "name": "Dewey Hall",
      "entrances_lat": [
        0.0
      ],
      "entrances_lon": [
        0.0
      ],
      "boundary_lat": [
        43.0023583,
        43.0022667,
        43.0022666,
        43.0022526,
        43.0022526,
        43.0021894,
        43.0021893,
        43.0022837,
        43.0022837,
        43.0022999,
        43.0022998,
        43.0023327,
        43.0023327,
        43.0023907,
        43.0023909,
        43.0024069,
        43.0024069,
        43.0025462,
        43.0025461,
        43.0025624,
        43.0025622,
        43.0025462,
        43.0025461,
        43.0024978,
        43.0024699,
        43.0024699,
        43.0024769,
        43.0024769,
        43.0025052,
        43.0025521,
        43.0025521,
        43.0025683,
        43.0025682,
        43.0025682,
        43.0026018,
        43.0026018,
        43.0026605,
        43.0026606,
        43.0026767,
        43.0026767,
        43.0027489,
        43.0027489,
        43.0027426,
        43.0027426,
        43.0026523,
        43.0026523,
        43.0026366,
        43.0026368,
        43.0026533,
        43.0026533,
        43.0027468,
        43.0027469,
        43.0027524,
        43.0027525,
        43.0026744,
        43.0026744,
        43.0026596,
        43.0026597,
        43.0025747,
        43.0025746,
        43.0025592,
        43.0025592,
        43.0023738,
        43.0023738,
        43.0023582,
        43.0023583
      ],
      "boundary_long": [
        -78.794693,
        -78.7946928,
        -78.7948172,
        -78.7948172,
        -78.7948386,
        -78.7948385,
        -78.794968,
        -78.7949682,
        -78.79499,
        -78.7949901,
        -78.7950915,
        -78.7950915,
        -78.7950847,
        -78.7950848,
        -78.7949585,
        -78.7949585,
        -78.7949363,
        -78.7949366,
        -78.7949585,
        -78.7949585,
        -78.7952092,
        -78.7952092,
        -78.7952312,
        -78.7952312,
        -78.7952311,
        -78.7952819,
        -78.7952819,
        -78.7953515,
        -78.7953516,
        -78.7953516,
        -78.7953696,
        -78.7953696,
        -78.7954252,
        -78.7954729,
        -78.7954729,
        -78.7954642,
        -78.7954643,
        -78.7953418,
        -78.7953418,
        -78.7953188,
        -78.7953189,
        -78.7952661,
        -78.7952661,
        -78.7951915,
        -78.7951913,
        -78.7951684,
        -78.7951684,
        -78.7949857,
        -78.7949858,
        -78.7949646,
        -78.7949648,
        -78.7948863,
        -78.7948863,
        -78.7948398,
        -78.7948397,
        -78.7948181,
        -78.7948181,
        -78.7946942,
        -78.7946941,
        -78.7947921,
        -78.7947921,
        -78.7948107,
        -78.7948104,
        -78.7947914,
        -78.7947913,
        -78.794693
      ]
    },
    {
      "name": "Walter Kunz Stadium",
      "entrances_lat": [
        0.0
      ],
      "entrances_lon": [
        0.0
      ],
      "boundary_lat": [
        42.9975354,
        42.9976246,
        42.9976672,
        42.9977045,
        42.997733,
        42.9977619,
        42.9977933,
        42.9978173,
        42.997834,
        42.9978477,
        42.9978541,
        42.997857,
        42.9978546,
        42.9978458,
        42.9978315,
        42.9978139,
        42.9977938,
        42.9977693,
        42.9977428,
        42.9977192,
        42.9969779,
        42.9969424,
        42.9969122,
        42.9968639,
        42.996822,
        42.9967825,
        42.9967391,
        42.996695,
        42.9966466,
        42.9965851,
        42.9965419,
        42.996511,
        42.9964777,
        42.9964527,
        42.9964294,
        42.9964105,
        42.9963965,
        42.9963865,
        42.9963838,
        42.9963857,
        42.9963926,
        42.9964073,
        42.996425,
        42.9964537,
        42.9964787,
        42.9965066,
        42.9965559,
        42.9974854,
        42.9975354
      ],
      "boundary_long": [
        -78.793336,
        -78.7932774,
        -78.79325,
        -78.7932211,
        -78.7931903,
        -78.7931494,
        -78.7930924,
        -78.7930374,
        -78.7929864,
        -78.7929247,
        -78.7928704,
        -78.7928148,
        -78.7927477,
        -78.792686,
        -78.7926263,
        -78.792574,
        -78.7925251,
        -78.7924781,
        -78.7924379,
        -78.7924138,
        -78.7916869,
        -78.7916547,
        -78.7916326,
        -78.7916091,
        -78.791594,
        -78.7915883,
        -78.7915866,
        -78.7915927,
        -78.7916111,
        -78.7916426,
        -78.7916788,
        -78.7917137,
        -78.7917553,
        -78.7917985,
        -78.7918478,
        -78.7918985,
        -78.7919581,
        -78.7920155,
        -78.7920829,
        -78.7921449,
        -78.7921985,
        -78.7922696,
        -78.7923229,
        -78.7923856,
        -78.7924275,
        -78.7924651,
        -78.7925184,
        -78.7934312,
        -78.793336
      ]
    },
    {
      "name": "Campus Mail Center",
      "entrances_lat": [
        "42.9977141"
      ],
      "entrances_lon": [
        "-78.7826745"
      ],
      "boundary_lat": [
        42.997726,
        42.9977141,
        42.9977141,
        42.9977141,
        42.9977512,
        42.9978807,
        42.9978807,
        42.9978744,
        42.9978744,
        42.997929,
        42.997929,
        42.9978838,
        42.997773,
        42.997773,
        42.9977016,
        42.9977016,
        42.9977358,
        42.9977358,
        42.997726,
        42.997726
      ],
      "boundary_long": [
        -78.7826223,
        -78.7826223,
        -78.7826745,
        -78.7827428,
        -78.7827428,
        -78.7826654,
        -78.7825888,
        -78.7825888,
        -78.7823285,
        -78.7823285,
        -78.7819955,
        -78.7819955,
        -78.7819955,
        -78.7820625,
        -78.7820625,
        -78.7822213,
        -78.7822213,
        -78.7824491,
        -78.7824491,
        -78.7826223
      ]
    },
    {
      "name": "UB Stadium",
      "entrances_lat": [
        0.0
      ],
      "entrances_lon": [
        0.0
      ],
      "boundary_lat": [
        42.9982807,
        42.9983035,
        42.9986579,
        42.9988416,
        42.9990115,
        42.9990124,
        42.9991049,
        42.9991049,
        42.999183,
        42.999183,
        42.9996167,
        42.9996167,
        42.9996955,
        42.9996956,
        42.9997275,
        42.9999619,
        42.9999619,
        43.0000341,
        43.0000342,
        43.0000442,
        43.0000661,
        43.0001287,
        43.0001551,
        43.0001529,
        43.0001485,
        43.0000634,
        42.9999107,
        42.9998476,
        42.9987393,
        42.9984794,
        42.9983554,
        42.9981675,
        42.9981302,
        42.9980522,
        42.9980243,
        42.997959,
        42.9979586,
        42.9979904,
        42.9980401,
        42.9980385,
        42.9980384,
        42.9980787,
        42.9982812,
        42.9982807
      ],
      "boundary_long": [
        -78.7788256,
        -78.7788256,
        -78.7788291,
        -78.7787628,
        -78.7787016,
        -78.7786074,
        -78.7786074,
        -78.7786683,
        -78.7786682,
        -78.7786072,
        -78.778607,
        -78.7786685,
        -78.7786685,
        -78.7788956,
        -78.7788955,
        -78.7788957,
        -78.7789055,
        -78.7789055,
        -78.7787809,
        -78.7787809,
        -78.7787809,
        -78.778781,
        -78.778781,
        -78.7784974,
        -78.7767049,
        -78.7767258,
        -78.7764391,
        -78.7762865,
        -78.7762722,
        -78.7762689,
        -78.776414,
        -78.7766444,
        -78.7767041,
        -78.7768912,
        -78.776983,
        -78.7773505,
        -78.7777019,
        -78.7779064,
        -78.7781545,
        -78.7784296,
        -78.7784499,
        -78.7784501,
        -78.778451,
        -78.7788256
      ]
    },
    {
      "name": "South Lake Village",
      "entrances_lat": [
        0.0
      ],
      "entrances_lon": [
        0.0
      ],
      "boundary_lat": [
        43.0031938,
        43.0031179,
        43.0031344,
        43.0030947,
        43.0030047,
        43.0030283,
        43.0029555,
        43.0030239,
        43.0030967,
        43.0031204,
        43.0031938
      ],
      "boundary_long": [
        -78.7790466,
        -78.7788914,
        -78.7788762,
        -78.778795,
        -78.7788773,
        -78.7789256,
        -78.7789921,
        -78.779132,
        -78.7790654,
        -78.7791137,
        -78.7790466
      ]
    },
    {
      "name": "Furnas Hall",
      "entrances_lat": [
        "43.0018612",
        "43.0018461"
      ],
      "entrances_lon": [
        "-78.7873368",
        "-78.7868310"
      ],
      "boundary_lat": [
        43.0018442,
        43.001846,
        43.0018462,
        43.0018798,
        43.00188,
        43.0019651,
        43.0019649,
        43.0020276,
        43.0020273,
        43.0020271,
        43.0020255,
        43.0020253,
        43.0019402,
        43.0019403,
        43.0019107,
        43.0019105,
        43.0018792,
        43.0018796,
        43.0018612,
        43.0018442
      ],
      "boundary_long": [
        -78.7873367,
        -78.7868425,
        -78.7868009,
        -78.7868011,
        -78.7867445,
        -78.7867451,
        -78.7868015,
        -78.7868019,
        -78.7868815,
        -78.7869368,
        -78.7873521,
        -78.7874139,
        -78.7874133,
        -78.787392,
        -78.7873918,
        -78.7874397,
        -78.7874394,
        -78.7873369,
        -78.7873368,
        -78.7873367
      ]
    },
    {
      "name": "Jarvis Hall",
      "entrances_lat": [
        "43.0021178",
        "43.0023948",
        "43.0023938"
      ],
      "entrances_lon": [
        "-78.7868428",
        "-78.7867612",
        "-78.7873640"
      ],
      "boundary_lat": [
        43.0024941,
        43.0024945,
        43.0024949,
        43.002496,
        43.0024571,
        43.0024572,
        43.0023948,
        43.0023761,
        43.002376,
        43.0023232,
        43.0023233,
        43.0021472,
        43.0021473,
        43.0021181,
        43.0021178,
        43.0021177,
        43.0021467,
        43.0021466,
        43.0021464,
        43.0021451,
        43.0021535,
        43.0021534,
        43.0021533,
        43.0023207,
        43.0023208,
        43.0023735,
        43.0023734,
        43.0023938,
        43.0024698,
        43.00247,
        43.0024941
      ],
      "boundary_long": [
        -78.7873256,
        -78.7872009,
        -78.7870887,
        -78.7867979,
        -78.7867976,
        -78.7867616,
        -78.7867612,
        -78.786761,
        -78.7867968,
        -78.7867964,
        -78.786787,
        -78.7867858,
        -78.7867489,
        -78.7867487,
        -78.7868428,
        -78.7868656,
        -78.7868658,
        -78.7868854,
        -78.7869406,
        -78.7872881,
        -78.7872881,
        -78.7873162,
        -78.7873359,
        -78.787337,
        -78.7873242,
        -78.7873245,
        -78.7873639,
        -78.787364,
        -78.7873646,
        -78.7873254,
        -78.7873256
      ]
    },
    {
      "name": "Davis Hall",
      "entrances_lat": [
        "43.0025449",
        "43.0029744"
      ],
      "entrances_lon": [
        "-78.7874984",
        "-78.7875888"
      ],
      "boundary_lat": [
        43.0026463,
        43.0026462,
        43.002646,
        43.0025449,
        43.0023129,
        43.0023659,
        43.0023962,
        43.0023963,
        43.0030132,
        43.0029744,
        43.0029744,
        43.0029744,
        43.0029391,
        43.0029298,
        43.0029568,
        43.0029592,
        43.0028538,
        43.0028538,
        43.0028337,
        43.0028317,
        43.0026748,
        43.0026747,
        43.0026465,
        43.0026463
      ],
      "boundary_long": [
        -78.7870898,
        -78.7872019,
        -78.7874986,
        -78.7874984,
        -78.787498,
        -78.7877575,
        -78.7877575,
        -78.7878051,
        -78.7878044,
        -78.7876327,
        -78.7875888,
        -78.7875449,
        -78.7875449,
        -78.7874991,
        -78.7874993,
        -78.7867724,
        -78.7867952,
        -78.7868287,
        -78.7868287,
        -78.7868093,
        -78.7868086,
        -78.7868442,
        -78.786844,
        -78.7870898
      ]
    },
    {
      "name": "Alumni Arena",
      "entrances_lat": [
        "43.0001257",
        "43.0000730"
      ],
      "entrances_lon": [
        "-78.7803599",
        "-78.7820469"
      ],
      "boundary_lat": [
        42.999442,
        42.9994484,
        42.9998021,
        42.9998039,
        42.999804,
        43.0005445,
        43.0005444,
        43.0005771,
        43.0005753,
        43.0005961,
        43.0008851,
        43.0008839,
        43.0008837,
        43.0008827,
        43.0008825,
        43.000882,
        43.0008808,
        43.0008805,
        43.0008804,
        43.0008788,
        43.0006338,
        43.0006073,
        43.0005688,
        43.0005678,
        43.000535,
        43.0005348,
        43.0001769,
        43.0001767,
        43.000073,
        42.9999688,
        42.9997941,
        42.9997955,
        42.9997791,
        42.9994769,
        42.999442
      ],
      "boundary_long": [
        -78.7818066,
        -78.7807126,
        -78.7807165,
        -78.7804064,
        -78.7803816,
        -78.7803897,
        -78.7804091,
        -78.7804095,
        -78.7807138,
        -78.780714,
        -78.7807172,
        -78.7809232,
        -78.7809524,
        -78.7811321,
        -78.7811636,
        -78.7812501,
        -78.7814417,
        -78.7815046,
        -78.7815253,
        -78.7818001,
        -78.7817974,
        -78.7817971,
        -78.7817967,
        -78.7819838,
        -78.7819835,
        -78.7820194,
        -78.7820155,
        -78.782048,
        -78.7820469,
        -78.7820457,
        -78.7820438,
        -78.7818105,
        -78.7818103,
        -78.781807,
        -78.7818066
      ]
    },
    {
      "name": "Center for the Arts",
      "entrances_lat": [
        "43.0005291",
        "43.0015219"
      ],
      "entrances_lon": [
        "-78.7830824",
        "-78.7831418"
      ],
      "boundary_lat": [
        43.0005671,
        43.0005646,
        43.0005293,
        43.0005291,
        43.000529,
        43.0005643,
        43.0005632,
        43.0006024,
        43.0006021,
        43.0006814,
        43.0006817,
        43.0008895,
        43.0010119,
        43.0010332,
        43.0012426,
        43.0012621,
        43.0012846,
        43.0012845,
        43.0013973,
        43.0013982,
        43.0013984,
        43.0015219,
        43.0015222,
        43.0013988,
        43.0013995,
        43.0013826,
        43.0013838,
        43.0014006,
        43.0014012,
        43.001328,
        43.0006058,
        43.0005671
      ],
      "boundary_long": [
        -78.7822334,
        -78.7830254,
        -78.7830252,
        -78.7830824,
        -78.783136,
        -78.7831362,
        -78.7834746,
        -78.7834749,
        -78.7835786,
        -78.783579,
        -78.7834753,
        -78.7834765,
        -78.7834772,
        -78.7834774,
        -78.7834786,
        -78.7834787,
        -78.7834788,
        -78.7834901,
        -78.7834907,
        -78.7832064,
        -78.7831411,
        -78.7831418,
        -78.7830309,
        -78.7830302,
        -78.7828068,
        -78.7828067,
        -78.7824326,
        -78.7824327,
        -78.7822383,
        -78.7822379,
        -78.7822337,
        -78.7822334
      ]
    },
    {
      "name": "Clemens Hall",
      "entrances_lat": [
        "43.0001115",
        "43.0005982",
        "43.0003709"
      ],
      "entrances_lon": [
        "-78.7851049",
        "-78.7851879",
        "-78.7851703"
      ],
      "boundary_lat": [
        43.0001341,
        43.0003204,
        43.0003205,
        43.0003577,
        43.0003709,
        43.0003846,
        43.0003989,
        43.0003985,
        43.0005852,
        43.0005855,
        43.0005982,
        43.000611,
        43.0006109,
        43.0006495,
        43.0006498,
        43.0006407,
        43.0006112,
        43.0006119,
        43.0005769,
        43.0005775,
        43.000587,
        43.0005882,
        43.0004349,
        43.0004337,
        43.0004457,
        43.0004451,
        43.0004182,
        43.0004185,
        43.0003871,
        43.0003851,
        43.0003716,
        43.0003595,
        43.0003464,
        43.0001586,
        43.0001586,
        43.0001331,
        43.0001331,
        43.0000951,
        43.0000948,
        43.0001115,
        43.0001345,
        43.0001341
      ],
      "boundary_long": [
        -78.7851829,
        -78.7851849,
        -78.7851698,
        -78.7851702,
        -78.7851703,
        -78.7851704,
        -78.7851706,
        -78.7852268,
        -78.7852288,
        -78.7851877,
        -78.7851879,
        -78.785188,
        -78.785202,
        -78.7852024,
        -78.7851497,
        -78.7851496,
        -78.7851493,
        -78.7850246,
        -78.7850242,
        -78.7849163,
        -78.7849164,
        -78.7847078,
        -78.7847061,
        -78.7849116,
        -78.7849118,
        -78.7850228,
        -78.7850225,
        -78.7849703,
        -78.78497,
        -78.7849699,
        -78.7849805,
        -78.7849898,
        -78.7849897,
        -78.7849876,
        -78.7850697,
        -78.7850698,
        -78.7850531,
        -78.7850527,
        -78.7851048,
        -78.7851049,
        -78.7851052,
        -78.7851829
      ]
    },
    {
      "name": "Baird Hall",
      "entrances_lat": [
        "43.0001018",
        "42.9999377"
      ],
      "entrances_lon": [
        "-78.7847420",
        "-78.7847068"
      ],
      "boundary_lat": [
        43.000213,
        43.0001584,
        43.0001584,
        43.000133,
        43.000133,
        43.0001019,
        43.0001018,
        43.0001014,
        43.0000514,
        42.9999372,
        42.9999377,
        42.9999379,
        42.9999825,
        42.9999837,
        42.9999459,
        42.9999456,
        42.9999457,
        42.9999461,
        42.9999468,
        42.9999478,
        42.9999489,
        42.9999503,
        42.9999519,
        42.9999535,
        42.9999553,
        43.0000085,
        43.0000333,
        43.0000335,
        43.0000336,
        43.0001701,
        43.0001699,
        43.0001699,
        43.0001693,
        43.0002137,
        43.0002169,
        43.00022,
        43.0002228,
        43.0002252,
        43.0002273,
        43.0002288,
        43.0002299,
        43.0002304,
        43.0002303,
        43.0002297,
        43.0002285,
        43.0002268,
        43.0002247,
        43.0002222,
        43.0002193,
        43.0002162,
        43.000213
      ],
      "boundary_long": [
        -78.7846652,
        -78.7846653,
        -78.7846372,
        -78.7846373,
        -78.7846588,
        -78.7846947,
        -78.784742,
        -78.7848791,
        -78.784947,
        -78.7849465,
        -78.7847068,
        -78.7846466,
        -78.7846468,
        -78.7841472,
        -78.7841472,
        -78.784123,
        -78.7841206,
        -78.7841183,
        -78.7841161,
        -78.7841141,
        -78.7841123,
        -78.7841108,
        -78.7841097,
        -78.7841089,
        -78.7841085,
        -78.7841088,
        -78.7841089,
        -78.7840094,
        -78.7840017,
        -78.784002,
        -78.7841483,
        -78.7841761,
        -78.7846136,
        -78.7846137,
        -78.7846146,
        -78.7846163,
        -78.7846186,
        -78.7846216,
        -78.7846251,
        -78.784629,
        -78.7846332,
        -78.7846377,
        -78.7846421,
        -78.7846465,
        -78.7846507,
        -78.7846545,
        -78.7846579,
        -78.7846608,
        -78.784663,
        -78.7846645,
        -78.7846652
      ]
    },
    {
      "name": "Slee Hall",
      "entrances_lat": [
        "43.0003097",
        "43.0004513"
      ],
      "entrances_lon": [
        "-78.7841626",
        "-78.7837224"
      ],
      "boundary_lat": [
        43.0005973,
        43.0003093,
        43.0003097,
        43.0003097,
        43.0003098,
        43.0003111,
        43.0004513,
        43.0005991,
        43.0005973
      ],
      "boundary_long": [
        -78.7842902,
        -78.7842885,
        -78.784177,
        -78.7841626,
        -78.7841491,
        -78.7837216,
        -78.7837224,
        -78.7837233,
        -78.7842902
      ]
    },
    {
      "name": "Park Hall",
      "entrances_lat": [
        "42.9998805"
      ],
      "entrances_lon": [
        "-78.7883686"
      ],
      "boundary_lat": [
        42.999965,
        42.9999653,
        42.9999374,
        42.9999376,
        42.9999377,
        42.9997112,
        42.9996307,
        42.9995572,
        42.9995568,
        42.9995316,
        42.999528,
        42.9995245,
        42.9995213,
        42.9995184,
        42.9995159,
        42.9995139,
        42.9995125,
        42.9995116,
        42.9995114,
        42.9995118,
        42.9995128,
        42.9995144,
        42.9995165,
        42.9995191,
        42.9995221,
        42.9995254,
        42.9995289,
        42.9995326,
        42.9995895,
        42.9995891,
        42.999589,
        42.9996027,
        42.9996015,
        42.9996539,
        42.9996537,
        42.999709,
        42.9997089,
        42.9997642,
        42.999764,
        42.9997916,
        42.9998191,
        42.999819,
        42.9998803,
        42.9998805,
        42.9999349,
        42.9999369,
        42.999951,
        42.9999539,
        42.9999565,
        42.9999589,
        42.999961,
        42.9999628,
        42.9999641,
        42.999965
      ],
      "boundary_long": [
        -78.7878322,
        -78.7877315,
        -78.7877313,
        -78.7876521,
        -78.7876102,
        -78.787609,
        -78.7876084,
        -78.7876079,
        -78.787717,
        -78.7877169,
        -78.7877175,
        -78.787719,
        -78.7877213,
        -78.7877243,
        -78.7877279,
        -78.787732,
        -78.7877366,
        -78.7877414,
        -78.7877464,
        -78.7877513,
        -78.7877561,
        -78.7877605,
        -78.7877646,
        -78.787768,
        -78.7877708,
        -78.7877729,
        -78.7877741,
        -78.7877746,
        -78.7877742,
        -78.7878769,
        -78.787923,
        -78.7879231,
        -78.7882543,
        -78.7882547,
        -78.7883012,
        -78.7883016,
        -78.7883482,
        -78.7883485,
        -78.7883958,
        -78.788396,
        -78.7883962,
        -78.7884266,
        -78.788427,
        -78.7883686,
        -78.788369,
        -78.7878517,
        -78.7878518,
        -78.7878505,
        -78.7878486,
        -78.7878461,
        -78.7878432,
        -78.7878398,
        -78.7878362,
        -78.7878322
      ]
    },
    {
      "name": "Jacobs Management Center",
      "entrances_lat": [
        "42.9994926",
        "42.9996353"
      ],
      "entrances_lon": [
        "-78.7865220",
        "-78.7864899"
      ],
      "boundary_lat": [
        42.9995993,
        42.9995995,
        42.9996001,
        42.999601,
        42.9996024,
        42.9996042,
        42.9996062,
        42.9996085,
        42.9996111,
        42.9996137,
        42.9996354,
        42.9996353,
        42.9996353,
        42.9997209,
        42.9997209,
        42.9997207,
        42.9997201,
        42.9997126,
        42.9996322,
        42.999454,
        42.9994541,
        42.9994185,
        42.9994185,
        42.999385,
        42.9993856,
        42.9994926,
        42.9994926,
        42.9994926,
        42.9995993
      ],
      "boundary_long": [
        -78.7865222,
        -78.7864588,
        -78.7864551,
        -78.7864516,
        -78.7864484,
        -78.7864455,
        -78.786443,
        -78.7864411,
        -78.7864396,
        -78.7864388,
        -78.7864388,
        -78.7864899,
        -78.7865222,
        -78.7865223,
        -78.7865385,
        -78.7866946,
        -78.7873683,
        -78.7873683,
        -78.7873682,
        -78.7873679,
        -78.7872818,
        -78.7872817,
        -78.7871988,
        -78.7871987,
        -78.786558,
        -78.7865582,
        -78.7865355,
        -78.786522,
        -78.7865222
      ]
    },
    {
      "name": "Alfiero Center",
      "entrances_lat": [
        0.0
      ],
      "entrances_lon": [
        0.0
      ],
      "boundary_lat": [
        42.9997201,
        42.999741,
        42.999749,
        42.9999192,
        42.9999546,
        42.9999303,
        42.9999244,
        42.9999151,
        42.9999045,
        42.9998888,
        42.9998724,
        42.9998447,
        42.9998366,
        42.9998246,
        42.9998104,
        42.999792,
        42.999766,
        42.9997488,
        42.9997207,
        42.9997201
      ],
      "boundary_long": [
        -78.7873683,
        -78.7873683,
        -78.7873873,
        -78.787281,
        -78.7872589,
        -78.7871382,
        -78.787111,
        -78.7870742,
        -78.787038,
        -78.786989,
        -78.7869437,
        -78.78688,
        -78.7868623,
        -78.786873,
        -78.7868422,
        -78.7868059,
        -78.7867617,
        -78.7867359,
        -78.7866946,
        -78.7873683
      ]
    },
    {
      "name": "Dorsheimer Laboratory/Greenhouse",
      "entrances_lat": [
        "42.9998226",
        "42.9998158"
      ],
      "entrances_lon": [
        "-78.7918235",
        "-78.7922231"
      ],
      "boundary_lat": [
        42.9998864,
        42.9998867,
        42.9998883,
        42.9998226,
        42.9997952,
        42.9997741,
        42.999774,
        42.9997722,
        42.9997722,
        42.9997942,
        42.9998158,
        42.9998403,
        42.9998864
      ],
      "boundary_long": [
        -78.7922237,
        -78.7921546,
        -78.7918241,
        -78.7918235,
        -78.7918232,
        -78.7918231,
        -78.7918381,
        -78.7922106,
        -78.7922227,
        -78.7922229,
        -78.7922231,
        -78.7922233,
        -78.7922237
      ]
    },
    {
      "name": "Hochstetter Hall",
      "entrances_lat": [
        "43.0004684",
        "42.9997000",
        "43.0002818",
        "43.0000648"
      ],
      "entrances_lon": [
        "-78.7910714",
        "-78.7907595",
        "-78.7907689",
        "-78.7904115"
      ],
      "boundary_lat": [
        42.9998034,
        42.9998033,
        42.9996996,
        42.9997,
        42.9997005,
        42.9998042,
        42.999804,
        42.9999676,
        42.9999389,
        42.9999391,
        42.9999395,
        43.000065,
        43.0000648,
        43.0000645,
        43.0000644,
        43.0000401,
        43.0002003,
        43.0002005,
        43.0002821,
        43.0002821,
        43.0002818,
        43.0002815,
        43.0001998,
        43.0001999,
        43.0001725,
        43.0000504,
        42.9999524,
        42.9998034
      ],
      "boundary_long": [
        -78.7908254,
        -78.7908475,
        -78.7908465,
        -78.7907595,
        -78.7906742,
        -78.7906752,
        -78.7907141,
        -78.7904936,
        -78.7904933,
        -78.7904538,
        -78.7903519,
        -78.7903528,
        -78.7904115,
        -78.7904708,
        -78.7904943,
        -78.7904941,
        -78.7907141,
        -78.7906776,
        -78.7906782,
        -78.7906871,
        -78.7907689,
        -78.7908505,
        -78.7908499,
        -78.7908341,
        -78.7908704,
        -78.7910323,
        -78.7910316,
        -78.7908254
      ]
    },
    {
      "name": "Cooke Hall",
      "entrances_lat": [
        "43.0004690",
        "42.9996973",
        "43.0000597"
      ],
      "entrances_lon": [
        "-78.7911465",
        "-78.7914422",
        "-78.7917675"
      ],
      "boundary_lat": [
        42.9998007,
        42.9998006,
        42.9997631,
        42.9997348,
        42.9996969,
        42.9996973,
        42.9996977,
        42.9998015,
        42.9998013,
        42.9999649,
        42.9999365,
        42.9999368,
        42.9999524,
        43.0000626,
        43.0000623,
        43.000062,
        43.0000617,
        43.0000374,
        43.0001559,
        43.0001976,
        43.0001978,
        43.0002794,
        43.0002787,
        43.0001971,
        43.0001972,
        43.0001709,
        43.0000477,
        43.0000599,
        43.0000597,
        43.0000593,
        42.9999337,
        42.9999343,
        42.9999497,
        42.9998007
      ],
      "boundary_long": [
        -78.7915052,
        -78.7915273,
        -78.7915269,
        -78.7915267,
        -78.7915263,
        -78.7914422,
        -78.791354,
        -78.791355,
        -78.7913938,
        -78.7911733,
        -78.7911729,
        -78.7910316,
        -78.7910316,
        -78.7910324,
        -78.791085,
        -78.7911263,
        -78.7911741,
        -78.7911739,
        -78.7913375,
        -78.7913939,
        -78.7913573,
        -78.791358,
        -78.7915303,
        -78.7915297,
        -78.7915139,
        -78.7915488,
        -78.7917121,
        -78.7917122,
        -78.7917675,
        -78.7918537,
        -78.7918527,
        -78.7917112,
        -78.7917113,
        -78.7915052
      ]
    },
    {
      "name": "Natural Sciences Complex",
      "entrances_lat": [
        "43.0004690",
        "43.0005936",
        "43.0009609",
        "43.0009416"
      ],
      "entrances_lon": [
        "-78.7911465",
        "-78.7919511",
        "-78.7910814",
        "-78.7926093"
      ],
      "boundary_lat": [
        43.0005212,
        43.0005067,
        43.000531,
        43.0005044,
        43.000552,
        43.0005786,
        43.0006028,
        43.0006017,
        43.0006014,
        43.00058,
        43.0005798,
        43.0005149,
        43.0005148,
        43.0005124,
        43.0005774,
        43.0005773,
        43.0005987,
        43.0005985,
        43.0007887,
        43.0007994,
        43.0008104,
        43.0008106,
        43.0009415,
        43.0009416,
        43.0009417,
        43.0009421,
        43.001003,
        43.0010041,
        43.001005,
        43.0009436,
        43.0009446,
        43.0008878,
        43.0008881,
        43.0009201,
        43.0009839,
        43.000978,
        43.0009726,
        43.0009685,
        43.0009648,
        43.0009621,
        43.0009606,
        43.0009597,
        43.0009598,
        43.0009609,
        43.0009619,
        43.0009636,
        43.000967,
        43.0009712,
        43.0009763,
        43.0007953,
        43.0007196,
        43.0006875,
        43.0006764,
        43.0006766,
        43.0006693,
        43.0006695,
        43.0006605,
        43.0006607,
        43.00056,
        43.0005606,
        43.0005607,
        43.0005193,
        43.00056,
        43.0005215,
        43.0005597,
        43.0005205,
        43.0005607,
        43.0005215,
        43.0005602,
        43.0005212
      ],
      "boundary_long": [
        -78.7917338,
        -78.791764,
        -78.7917834,
        -78.7918479,
        -78.7918846,
        -78.79182,
        -78.7918126,
        -78.7919046,
        -78.7919723,
        -78.7919721,
        -78.7920039,
        -78.7920034,
        -78.7920239,
        -78.7926153,
        -78.7926158,
        -78.7926418,
        -78.7926419,
        -78.7927068,
        -78.7927082,
        -78.792723,
        -78.7927081,
        -78.7926736,
        -78.7926293,
        -78.7926093,
        -78.7925876,
        -78.7924783,
        -78.7924788,
        -78.792216,
        -78.7921044,
        -78.792104,
        -78.7918582,
        -78.7918578,
        -78.7917922,
        -78.7917795,
        -78.7917543,
        -78.7917275,
        -78.791699,
        -78.7916705,
        -78.7916389,
        -78.7916081,
        -78.7915803,
        -78.7915508,
        -78.7915144,
        -78.7910814,
        -78.7910284,
        -78.7909982,
        -78.7909634,
        -78.7909332,
        -78.7908956,
        -78.7908448,
        -78.7908236,
        -78.7908238,
        -78.7908239,
        -78.7908658,
        -78.7908659,
        -78.790906,
        -78.7909061,
        -78.7909471,
        -78.7909479,
        -78.7910905,
        -78.7911303,
        -78.7912239,
        -78.7912541,
        -78.791351,
        -78.7913793,
        -78.7914782,
        -78.791508,
        -78.7916067,
        -78.7916353,
        -78.7917338
      ]
    },
    {
      "name": "Computing Center",
      "entrances_lat": [
        "43.0013988"
      ],
      "entrances_lon": [
        "-78.7920322"
      ],
      "boundary_lat": [
        43.0011448,
        43.0013797,
        43.0013796,
        43.0013992,
        43.0013988,
        43.0013988,
        43.0013135,
        43.0013134,
        43.0011664,
        43.0011664,
        43.0011144,
        43.0011146,
        43.0011147,
        43.0011147,
        43.0011148,
        43.0011448,
        43.0011448
      ],
      "boundary_long": [
        -78.7915383,
        -78.7915387,
        -78.7916051,
        -78.7916051,
        -78.7920322,
        -78.7920825,
        -78.7920824,
        -78.7922334,
        -78.7922332,
        -78.7921958,
        -78.7921958,
        -78.7918827,
        -78.7918599,
        -78.79176,
        -78.7916212,
        -78.7916212,
        -78.7915383
      ]
    },
    {
      "name": "Fronczak Hall",
      "entrances_lat": [
        "43.0013203",
        "43.0014002"
      ],
      "entrances_lon": [
        "-78.7911150",
        "-78.7903357"
      ],
      "boundary_lat": [
        43.0011448,
        43.0011149,
        43.001115,
        43.001115,
        43.001115,
        43.0011364,
        43.0011365,
        43.0011151,
        43.0011152,
        43.0011153,
        43.0011154,
        43.0011154,
        43.0011154,
        43.0011155,
        43.0011155,
        43.0011369,
        43.0011369,
        43.0011155,
        43.001116,
        43.0013444,
        43.0014003,
        43.0014002,
        43.0013995,
        43.0013888,
        43.0013887,
        43.0013995,
        43.0013992,
        43.0013797,
        43.0011448
      ],
      "boundary_long": [
        -78.7915383,
        -78.7915383,
        -78.7914406,
        -78.7914022,
        -78.7913872,
        -78.7913872,
        -78.7913154,
        -78.7913154,
        -78.7911756,
        -78.7910814,
        -78.7909808,
        -78.7909459,
        -78.7909164,
        -78.7908832,
        -78.7908688,
        -78.7908688,
        -78.7907991,
        -78.790799,
        -78.7902696,
        -78.7902699,
        -78.79027,
        -78.7903357,
        -78.7911629,
        -78.7911628,
        -78.7912386,
        -78.7912386,
        -78.7915387,
        -78.7915387,
        -78.7915383
      ]
    },
    {
      "name": "Mathematics Building",
      "entrances_lat": [
        "43.0013668",
        "43.0010982"
      ],
      "entrances_lon": [
        "-78.7925667",
        "-78.7926108"
      ],
      "boundary_lat": [
        43.001314,
        43.0013158,
        43.0013159,
        43.0013664,
        43.0013668,
        43.0013671,
        43.0010987,
        43.0010983,
        43.0010982,
        43.0010981,
        43.0010961,
        43.0011629,
        43.001314
      ],
      "boundary_long": [
        -78.7930863,
        -78.7926713,
        -78.7926377,
        -78.7926381,
        -78.7925667,
        -78.7924969,
        -78.7924947,
        -78.7925887,
        -78.7926108,
        -78.7926305,
        -78.7930846,
        -78.7930851,
        -78.7930863
      ]
    },
    {
      "name": "Capen Hall",
      "entrances_lat": [
        "43.0008407",
        "43.0012718",
        "43.0008698"
      ],
      "entrances_lon": [
        "-78.7891457",
        "-78.7895418",
        "-78.7899394"
      ],
      "boundary_lat": [
        43.0012713,
        43.0012718,
        43.0012723,
        43.0011072,
        43.0010205,
        43.0008613,
        43.0008407,
        43.0005262,
        43.0005257,
        43.0005252,
        43.0006888,
        43.0007726,
        43.0008698,
        43.0009342,
        43.0012713
      ],
      "boundary_long": [
        -78.7899403,
        -78.7895418,
        -78.7891467,
        -78.7891463,
        -78.7891461,
        -78.7891458,
        -78.7891457,
        -78.7891451,
        -78.7895223,
        -78.7899387,
        -78.789939,
        -78.7899392,
        -78.7899394,
        -78.7899395,
        -78.7899403
      ]
    },
    {
      "name": "Talbert Hall",
      "entrances_lat": [
        "43.0006890"
      ],
      "entrances_lon": [
        "-78.7900076"
      ],
      "boundary_lat": [
        43.0005241,
        43.0005251,
        43.0006867,
        43.0007189,
        43.0009356,
        43.0009349,
        43.0007733,
        43.0007728,
        43.0007726,
        43.0006888,
        43.000689,
        43.0006893,
        43.0005241
      ],
      "boundary_long": [
        -78.7901639,
        -78.7906242,
        -78.7906236,
        -78.7906234,
        -78.7906226,
        -78.7902937,
        -78.7902943,
        -78.7900749,
        -78.7899392,
        -78.789939,
        -78.7900076,
        -78.7901632,
        -78.7901639
      ]
    },
    {
      "name": "Norton Hall",
      "entrances_lat": [
        "43.0009383"
      ],
      "entrances_lon": [
        "-78.7886647"
      ],
      "boundary_lat": [
        43.0012742,
        43.0012738,
        43.0012739,
        43.0012734,
        43.0011076,
        43.0011072,
        43.0010205,
        43.0010206,
        43.0010208,
        43.000938,
        43.0009383,
        43.0009388,
        43.0011069,
        43.001107,
        43.0011718,
        43.0012742
      ],
      "boundary_long": [
        -78.788156,
        -78.7884428,
        -78.7884827,
        -78.7888415,
        -78.7888411,
        -78.7891463,
        -78.7891461,
        -78.7890986,
        -78.7889357,
        -78.7889356,
        -78.7886647,
        -78.7882587,
        -78.7882591,
        -78.7881557,
        -78.7881558,
        -78.788156
      ]
    },
    {
      "name": "Knox Lecture Hall",
      "entrances_lat": [
        "43.0012486",
        "43.0012498",
        "43.0009074",
        "43.0010741"
      ],
      "entrances_lon": [
        "-78.7880248",
        "-78.7875616",
        "-78.7881584",
        "-78.7875369"
      ],
      "boundary_lat": [
        43.0009388,
        43.0011069,
        43.001107,
        43.0011718,
        43.0011719,
        43.0012326,
        43.0012486,
        43.0012861,
        43.0012862,
        43.0012694,
        43.0012862,
        43.0012863,
        43.0012722,
        43.0012864,
        43.0012865,
        43.0012498,
        43.0012341,
        43.0011507,
        43.0011273,
        43.0011025,
        43.0010741,
        43.0010567,
        43.001034,
        43.0010123,
        43.0009231,
        43.0008699,
        43.0008687,
        43.0009026,
        43.0009014,
        43.0008764,
        43.000816,
        43.0008142,
        43.0008711,
        43.0009074,
        43.0009383,
        43.0009388
      ],
      "boundary_long": [
        -78.7882587,
        -78.7882591,
        -78.7881557,
        -78.7881558,
        -78.7880465,
        -78.7880466,
        -78.7880248,
        -78.7879735,
        -78.7879177,
        -78.7878948,
        -78.7878723,
        -78.7877404,
        -78.787721,
        -78.787703,
        -78.7876119,
        -78.7875616,
        -78.7875401,
        -78.78754,
        -78.7875719,
        -78.7875387,
        -78.7875369,
        -78.7875375,
        -78.7875675,
        -78.7875364,
        -78.7875341,
        -78.7876042,
        -78.7876922,
        -78.7877404,
        -78.7878325,
        -78.7878654,
        -78.7879449,
        -78.7880779,
        -78.7881588,
        -78.7881584,
        -78.7881581,
        -78.7882587
      ]
    },
    {
      "name": "O'Brian Hall",
      "entrances_lat": [
        "43.0005740",
        "43.0005768"
      ],
      "entrances_lon": [
        "-78.7883634",
        "-78.7876113"
      ],
      "boundary_lat": [
        43.0005739,
        43.000574,
        43.0005744,
        43.000576,
        43.0005455,
        43.0005457,
        43.0005767,
        43.0005768,
        43.0005769,
        43.0003371,
        43.0002979,
        43.0002977,
        43.0002368,
        43.0002346,
        43.000289,
        43.000289,
        43.0003636,
        43.0003637,
        43.0004437,
        43.0004437,
        43.0004935,
        43.0004935,
        43.0005739
      ],
      "boundary_long": [
        -78.7884021,
        -78.7883634,
        -78.7882248,
        -78.7877185,
        -78.7877183,
        -78.7876663,
        -78.7876557,
        -78.7876113,
        -78.7875801,
        -78.7875787,
        -78.7875785,
        -78.7876562,
        -78.787735,
        -78.7884805,
        -78.7884808,
        -78.7884633,
        -78.7884638,
        -78.7884392,
        -78.7884397,
        -78.7884111,
        -78.7884114,
        -78.7884017,
        -78.7884021
      ]
    },
    {
      "name": "Lockwood Memorial Library",
      "entrances_lat": [
        "43.0002081",
        "43.0001959"
      ],
      "entrances_lon": [
        "-78.7857077",
        "-78.7864014"
      ],
      "boundary_lat": [
        42.9998933,
        42.9998908,
        43.0001959,
        43.0002204,
        43.0005587,
        43.0006106,
        43.0006108,
        43.0006129,
        43.0006134,
        43.0006137,
        43.0005514,
        43.0005029,
        43.00039,
        43.0003699,
        43.0003479,
        43.000336,
        43.0003366,
        43.0002481,
        43.0002081,
        43.0001674,
        42.9999276,
        42.9998933
      ],
      "boundary_long": [
        -78.7857055,
        -78.786399,
        -78.7864014,
        -78.7864016,
        -78.7864042,
        -78.7864047,
        -78.7863674,
        -78.7858859,
        -78.7857813,
        -78.7857105,
        -78.78571,
        -78.7857096,
        -78.7858621,
        -78.785862,
        -78.7858618,
        -78.7858617,
        -78.7857085,
        -78.7857079,
        -78.7857077,
        -78.7857074,
        -78.7857058,
        -78.7857055
      ]
    },
    {
      "name": "Baldy Hall",
      "entrances_lat": [
        "43.0005594",
        "43.0005588",
        "43.0002202",
        "43.0002392"
      ],
      "entrances_lon": [
        "-78.7873149",
        "-78.7864660",
        "-78.7864821",
        "-78.7874634"
      ],
      "boundary_lat": [
        43.0005595,
        43.0005594,
        43.0005588,
        43.0005587,
        43.0002204,
        43.0002202,
        43.0002179,
        43.00024,
        43.0002392,
        43.0002379,
        43.0002375,
        43.0002368,
        43.0002977,
        43.0002979,
        43.0003371,
        43.0003397,
        43.0005595
      ],
      "boundary_long": [
        -78.787394,
        -78.7873149,
        -78.786466,
        -78.7864042,
        -78.7864016,
        -78.7864821,
        -78.7873759,
        -78.787376,
        -78.7874634,
        -78.7876117,
        -78.7876536,
        -78.787735,
        -78.7876562,
        -78.7875785,
        -78.7875787,
        -78.7873928,
        -78.787394
      ]
    },
    {
      "name": "Student Union",
      "entrances_lat": [
        "43.0008574",
        "43.0008583",
        "43.0013263",
        "43.0014320"
      ],
      "entrances_lon": [
        "-78.7867677",
        "-78.7862487",
        "-78.7866822",
        "-78.7858925"
      ],
      "boundary_lat": [
        43.0015682,
        43.0015154,
        43.0015156,
        43.0015087,
        43.0014945,
        43.0014733,
        43.0014456,
        43.0014423,
        43.001432,
        43.0014179,
        43.0014123,
        43.0013741,
        43.0013482,
        43.0013322,
        43.0012875,
        43.0012414,
        43.0011574,
        43.0011575,
        43.0008593,
        43.0008586,
        43.0008453,
        43.0008211,
        43.0008015,
        43.0008585,
        43.0008574,
        43.0008573,
        43.0008898,
        43.0010683,
        43.0012367,
        43.0012371,
        43.0012648,
        43.0012646,
        43.0013858,
        43.0014381,
        43.0014884,
        43.0015676,
        43.0015682
      ],
      "boundary_long": [
        -78.7862675,
        -78.7862673,
        -78.7861414,
        -78.7860786,
        -78.7860181,
        -78.7859616,
        -78.7859106,
        -78.7859063,
        -78.7858925,
        -78.7858738,
        -78.7858664,
        -78.7858302,
        -78.7858134,
        -78.7858029,
        -78.7857854,
        -78.785778,
        -78.785776,
        -78.7857006,
        -78.7856995,
        -78.786065,
        -78.7860833,
        -78.7861165,
        -78.7861434,
        -78.7861423,
        -78.7867677,
        -78.786807,
        -78.7868072,
        -78.7868077,
        -78.7868083,
        -78.7865737,
        -78.7865738,
        -78.786682,
        -78.7866825,
        -78.7866826,
        -78.7866828,
        -78.7866831,
        -78.7862675
      ]
    },
    {
      "name": "Bell Hall",
      "entrances_lat": [
        "43.0016793",
        "43.0016797",
        "43.0013847"
      ],
      "entrances_lon": [
        "-78.7873565",
        "-78.7868824",
        "-78.7872472"
      ],
      "boundary_lat": [
        43.0013851,
        43.0013846,
        43.0014476,
        43.0014476,
        43.0016161,
        43.0016161,
        43.0016793,
        43.0016793,
        43.0016797,
        43.0016797,
        43.001617,
        43.001589,
        43.0015538,
        43.0015066,
        43.0015066,
        43.0014491,
        43.0014491,
        43.0013851
      ],
      "boundary_long": [
        -78.7867858,
        -78.787386,
        -78.7873861,
        -78.7874001,
        -78.7874003,
        -78.7873863,
        -78.7873864,
        -78.7873565,
        -78.7868824,
        -78.7868613,
        -78.7868612,
        -78.7868611,
        -78.7868611,
        -78.7867964,
        -78.7867744,
        -78.7867743,
        -78.7867859,
        -78.7867858
      ]
    }
  ]
}